{
    "settings": {
        "pmt00" : {"efficiency": 0.139579},
        "pmt01" : {"efficiency": 0.139579},
        "pmt02" : {"efficiency": 0.139579},
        "pmt03" : {"efficiency": 0.139579},
        "pmt04" : {"efficiency": 0.139579},
        "pmt05" : {"efficiency": 0.139579},
        "pmt06" : {"efficiency": 0.139579},
        "pmt07" : {"efficiency": 0.139579},
        "pmt08" : {"efficiency": 0.139579},
        "pmb09" : {"efficiency": 0.326078},
        "pmb10" : {"efficiency": 0.326078},
        "pmb11" : {"efficiency": 0.326078},
        "pmb12" : {"efficiency": 0.326078},
        "pmb13" : {"efficiency": 0.326078},
        "pmb14" : {"efficiency": 0.326078},
        "pmb15" : {"efficiency": 0.326078},
        "spm16" : {"efficiency": 0.345623},
        "spm17" : {"efficiency": 0.345623},
        "spm18" : {"efficiency": 0.345623},
        "spm19" : {"efficiency": 0.345623},
        "spm20" : {"efficiency": 0.345623},
        "spm21" : {"efficiency": 0.345623},
        "spm22" : {"efficiency": 0.345623},
        "spm23" : {"efficiency": 0.345623},
        "spm24" : {"efficiency": 0.345623}
    }
}
